Country,Density
Gabon,8660.443579766537
Kazakhstan,6956.912560207485
Mauritania,4514.231067961165
Guyana,4013.0204081632655
Libya,3906.3627060830017
Suriname,3760.4615384615386
Iceland,3412.43
Namibia,3087.369380315917
Bahrain,2238.9144736842104
Mongolia,2110.9401159047006
Bangladesh,1265.18693247292
Palestine State,847.4109634551495
Micronesia,784.1628571428571
Barbados,668.3139534883721
Lebanon,667.1989247311828
Mauritius,626.4866995073892
San Marino,565.5166666666667
Nauru,541.2
South Korea,527.2980047310501
Rwanda,525.0189704094041
Netherlands,508.15160142348753
Comoros,467.2761955937668
India,464.1494102294169
Burundi,463.03676012461057
Haiti,413.73468795355586
Israel,399.97851201478744
Tuvalu,393.06666666666666
Belgium,382.7484478203435
Philippines,367.5120837106349
Japan,346.9338261716339
Sri Lanka,341.4646627332164
Grenada,330.95
Marshall Islands,328.8333333333333
Vietnam,313.92452994485114
El Salvador,313.0407818532818
Saint Lucia,301.027868852459
Pakistan,286.5456880448319
Saint Vincent and the Grenadines,284.46153846153845
United Kingdom,280.601872442442
Jamaica,273.422622345337
Trinidad and Tobago,272.8046783625731
Qatar,248.15271317829456
Luxembourg,241.69034749034748
Germany,240.37164907046133
Kuwait,239.65044893378226
Gambia,238.80118577075098
Liechtenstein,238.3
Uganda,228.92251138581653
Sao Tome and Principe,228.290625
Nigeria,226.33550622001164
Dominican Republic,224.50144867549668
Antigua and Barbuda,222.5659090909091
Switzerland,219.01563923474035
North Korea,214.09198571547213
Seychelles,213.79782608695652
Italy,205.5545862514449
Saint Kitts and Nevis,204.61153846153846
Nepal,203.25642134635507
Malawi,202.90572761985575
Guatemala,167.1852183650616
Andorra,164.39361702127658
China,153.31182650240817
Togo,152.21040632469203
Indonesia,150.98705266702362
Kiribati,147.4679012345679
Tonga,146.79861111111111
Czechia (Czech Republic),138.6455334023822
Thailand,136.6242791990448
Ghana,136.56034103893822
Denmark,136.51194909262315
Cyprus,130.66655844155844
Poland,123.58884172027561
Moldova,122.79948249619483
Azerbaijan,122.66419463330833
France,119.2086138977312
United Arab Emirates,118.30624401913876
Ethiopia,114.963588
Jordan,114.92604190132913
Slovakia,113.53439527532856
Portugal,111.32993776613168
Sierra Leone,110.51514269880853
Turkey,109.5839130491275
Austria,109.28900969554296
Benin,107.51330258957077
Hungary,106.7088368496631
Cuba,106.41315295001878
Albania,105.02908759124088
Armenia,104.08299964875307
Slovenia,103.22432969215491
Egypt,102.80215379978904
Serbia,99.90133775440201
Costa Rica,99.76729338033685
Malaysia,98.51163901993608
Dominica,95.98133333333334
Syria,95.30391548221968
Cambodia,94.71428166779968
Kenya,94.47815300277612
Spain,93.73451884522855
Iraq,92.61027122858722
Timor-Leste,88.66476126429052
Honduras,88.52093127178479
Senegal,86.96788552433387
Romania,83.58035799626363
Myanmar (formerly Burma),83.28583018261415
Brunei,83.01309297912714
Morocco,82.70347300022407
North Macedonia,82.60800951625694
Greece,80.86155159038015
Uzbekistan,78.67701692524683
Burkina Faso,76.40085160818714
Tunisia,76.07247039134913
Ukraine,75.49154525995995
Croatia,73.36073981415296
Ireland,71.6763826389897
Ecuador,71.03822676759543
Lesotho,70.56156126482213
Samoa,70.11095406360424
Guinea-Bissau,69.9858108108108
Tajikistan,68.1455058588168
Eswatini (fmr. "Swaziland"),67.45139534883721
Tanzania,67.4353330322872
Mexico,66.32513850664883
Bosnia and Herzegovina,64.3297843137255
Bulgaria,64.0055729550479
Afghanistan,59.62740250589713
Panama,58.04098735539414
Georgia,57.406346236868615
Yemen,56.49177794192852
Cameroon,56.156762073998856
Nicaragua,55.048645504404185
Guinea,53.44617857724239
Liberia,52.50914659468439
Iran,51.575296429338984
Equatorial Guinea,50.01729055258467
Fiji,49.066502463054185
South Africa,48.89059344319053
Madagascar,47.59583358399436
Montenegro,46.69635687732342
Belarus,46.569035532994924
Colombia,45.861100495718794
Lithuania,43.435699013945175
Djibouti,42.622950819672134
Mozambique,39.74596887001195
Democratic Republic of the Congo,39.50570256500739
Palau,39.334782608695654
Bahamas,39.285114885114886
Zimbabwe,38.42037999224505
United States of America,36.18535619879704
Eritrea,35.11307920792079
Kyrgyzstan,34.01561522419187
Venezuela,32.23846720707443
Laos,31.52322357019064
Estonia,31.293583392309507
Latvia,30.324726688102896
Angola,26.36261490334483
Peru,25.7592609375
Chile,25.70999096205678
Brazil,25.431425771762616
Somalia,25.33430356744349
Vanuatu,25.196472518457753
Sudan,24.843097751449253
Zambia,24.729892788442136
Sweden,24.61194375396013
Solomon Islands,24.54033583422651
Bhutan,20.24314610278878
Uruguay,19.847617415152556
Papua New Guinea,19.756710683213356
Niger,19.110005526170365
Algeria,18.41134800607959
South Sudan,18.321774869384175
New Zealand,18.313899965819758
Finland,18.232649972029353
Paraguay,17.95252454064938
Belize,17.43217886891714
Mali,16.596458748227736
Argentina,16.514758339453866
Oman,16.499599353796444
Saudi Arabia,16.194833208509134
Congo (Congo-Brazzaville),16.158380673499266
Norway,14.841817514811042
Chad,13.044682337992375
Turkmenistan,12.834251909858915
Bolivia,10.775427859318748
Russia,8.535054531324441
Central African Republic,7.752683874281678
Canada,4.15044949639908
Botswana,4.149466236126551
Australia,3.3193033336370616
CÃ´te d'Ivoire,0
Cabo Verde,0
Holy See,0
Maldives,0
Malta,0
Monaco,0
Singapore,0
